estimate,se,lower,upper,p,df,m,within_variance,between_variance,term,scale,ratio,ratio_lower,ratio_upper
0.24646886668239995,0.07501817933756574,0.09943593646732465,0.3935017968974752,0.001018177464219871,337256684.0509514,2,0.005627420785970058,2.0429676874485396e-07,sbp3,HR,1.2794993475379417,1.104547707245163,1.482161947022762
-0.12266554888934765,0.07429539053769392,-0.2682818388596788,0.022950741080983536,0.09872796954866163,589237804.0524628,2,0.0055195776614430005,1.515958036393479e-07,sbp3_rcs,HR,0.8845594549861692,0.7646922307427392,1.0232161357850413
0.11735519060464399,0.1158730468695413,-0.10975180886143408,0.34446219007072204,0.3111599534011409,334059007.13123965,2,0.013425828386878462,4.89735968300479e-07,wmh_ml,HR,1.1245187772685161,0.8960565009839888,1.4112307416338625
-0.010535629302621263,0.09951631860288546,-0.2055840298862525,0.18451277128100999,0.915686799162581,952078734.3320168,2,0.009903176707339891,2.1397395407683476e-07,wmh_ml_rcs,HR,0.9895196760438328,0.814171676939228,1.202632340342365
-0.0877296878780757,0.08335228207842182,-0.25109716050173286,0.07563778474558147,0.29256245032872924,114913187.4903074,2,0.006946954815693955,4.3207465789580233e-07,age,HR,0.9160084514488052,0.7779467821871874,1.0785718282253183
0.10634224093416467,0.09746883954996705,-0.08469317544426341,0.29737765731259275,0.2752560138028515,185634503.1677511,2,0.00949947741119302,4.6484801613372595e-07,age_rcs,HR,1.1122024525848127,0.9187941497644535,1.3463236524229005
0.004848954445261486,0.07499568911887589,-0.14213989561857998,0.15183780450910295,0.9484475442630806,450311493.8729729,2,0.005624088343570391,1.7669522979209647e-07,sex_2,HR,1.004860729649651,0.8674998885631631,1.1639714302032549
-0.07433498312435721,0.10336723679714159,-0.2769310444446039,0.12826107819588947,0.47205783173719157,14928674908.364214,2,0.010684698194008718,5.82993784158418e-08,smoking_2,HR,0.928360656594805,0.7581067709816433,1.1368497706426715
-0.18598578325895068,0.10425932137501467,-0.3903302982621748,0.018358731744273438,0.07444368865192146,4447737919.168234,2,0.010869843103866286,1.0865980820421471e-07,smoking_3,HR,0.8302853988505388,0.6768332807174758,1.0185282892910181
-0.074450200569712,0.10472316963814772,-0.2797038423378605,0.13080344119843648,0.4771314167205393,266987242.77170625,2,0.010966271077058967,4.474546675315937e-07,smoking_4,HR,0.9282536994133692,0.7560076057496048,1.1397437326311661
0.0003335883524136602,0.10916042786820414,-0.2136169188062611,0.2142840955110884,0.9975617118128256,21138941780132.71,2,0.011915996420644882,1.7278163453677187e-09,drinking_2,HR,1.0003336439991957,0.807657724253017,1.2389745919191233
0.09942008257105624,0.10433790927799533,-0.1050784618932442,0.30391862703535666,0.3406577924979358,4325565762.838436,2,0.010886233787806543,1.1034979776006135e-07,drinking_3,HR,1.1045301959991998,0.9002538841909367,1.3551587783155639
0.008186893640244195,0.10564169456009972,-0.19886702297138914,0.21524081025187752,0.9382283341000014,31105009954.4711,2,0.011160104351121226,4.2185605450862053e-08,drinking_4,HR,1.0082204978962068,0.8196588818888659,1.2401605043741832
-0.1034777391193451,0.07537675715746765,-0.2512273844031299,0.04427190616443971,0.1698363124828511,12850.738593089025,2,0.005631535543605013,3.3413317313893084e-05,hypertension_2,HR,0.9016960950676001,0.777845481518159,1.0452665306652906
0.02858654877524679,0.07477502615613198,-0.11796980943402265,0.17514290698451623,0.7022382965152911,843710593032.7502,2,0.005591298449466688,4.058122356037295e-09,diabetes_2,HR,1.0289990655895351,0.8887228832564418,1.191416466181627
-0.0207603953627555,0.07481567727826098,-0.1673964283087709,0.1258756375832599,0.7814060067456727,107418411549.06639,2,0.005597368488256825,1.1385565381179888e-08,prior_stroke_2,HR,0.9794536180851608,0.8458642203400185,1.1341411149823586
0.0004213666775151949,0.012650505605713444,-0.02437333298319538,0.025216066338225773,0.9734287813644424,182671.62318101572,2,0.00015966085381633342,2.49625509235897e-07,bmi,HR,1.000421455464924,0.9759212981291072,1.025536680543017
-0.13062849887640604,0.13020985200913424,-0.38587625218645877,0.12461925443364669,0.3157893735758765,7510.817959635985,2,0.01675897167834521,0.0001304225879302825,cysc,HR,0.8775437223211288,0.6798546510016387,1.1327170939415494
0.004676171569816381,0.036771188494070704,-0.06739403361410723,0.07674637675373999,0.8988062897348514,1305633912.9948401,2,0.0013520828831941054,2.494671491493154e-08,sbp0,HR,1.0046871219220135,0.9348267755825307,1.0797681873488705
-0.04214592588899965,0.0747487852856842,-0.1886508529385906,0.1043590011605913,0.5728669347741084,115716222508.75906,2,0.005587364476466837,1.095014565346391e-08,chd_1,HR,0.9587298668560846,0.8280755763819998,1.1099988742789177
0.12880162439637932,0.11603952495089945,-0.09863166921848315,0.3562349180112418,0.26700737951134346,70081429.09286681,2,0.01346356289029485,1.072307023709638e-06,toast_2,HR,1.1374644565848282,0.9060763823905458,1.4279429583853136
0.0635412041505243,0.11716891695854492,-0.16610565324225934,0.29318806154330795,0.5876089135473314,5981257105.377185,2,0.013728377588879327,1.1834157271101548e-07,toast_3,HR,1.0656033921794688,0.8469567457358699,1.3406948998768686
-0.08148918518149374,0.1211801006955225,-0.3189978184451776,0.1560194480821901,0.5012887190410459,1116298345.2878637,2,0.014684177290815583,2.9300917425893445e-07,toast_4,HR,0.9217426782797589,0.7268771350269277,1.1688489347389754
-0.008728178473553038,0.11834887468146589,-0.24068771055228397,0.2232313536051779,0.9412096559683026,3044623826.7930593,2,0.014006202297559438,1.692272065865782e-07,toast_5,HR,0.9913098014972015,0.7860870747593159,1.2501097576821276
0.08098249410839659,0.07513932149754694,-0.0662878698958391,0.22825285811263227,0.2811388608776797,3852618739.3473115,2,0.00564582667384036,6.064084757322425e-08,icas_2,HR,1.0843519138535422,0.935861419181652,1.256402976955728
-0.08074438557069813,0.07454937640899116,-0.2268584784579443,0.06536970731654804,0.27876430112507566,3174866918.7856855,2,0.005557510889282554,6.575579126271553e-08,prior_bp_med_2,HR,0.922429447588805,0.797033571729025,1.0675536338239315
0.15553290401007497,0.09530694552406019,-0.0312652768336768,0.34233108485382674,0.10269723908550704,1614115916.3071434,2,0.009083187774923958,1.507268014795269e-07,discharge_bp_med_2,HR,1.1682803765441059,0.969218427774527,1.4082264627923013
-0.15445015988520566,0.10009864806266991,-0.3506399049957388,0.0417395852253275,0.12283575490698585,36252983399.62008,2,0.010019686719890446,3.508272253552914e-08,mrs3_1,HR,0.856886198384339,0.7042373005361721,1.0426229289793931
-0.18688733827478549,0.10205301637024099,-0.3869075749477786,0.013132898398207637,0.06705921384144631,3287391578.4422693,2,0.010414636504208888,1.2109737052452717e-07,mrs3_2,HR,0.8295371882118366,0.6791538628571684,1.0132195136628706
-0.09954360599657892,0.14311725402600164,-0.38004826945518766,0.18096105746202984,0.4867176918402898,246826003425.9955,2,0.02048250717229748,2.748509706839225e-08,mrs3_3,HR,0.9052504746587352,0.6838284003913746,1.1983685108732753
-0.1615223276545491,0.16610922402666697,-0.4870904242474132,0.16404576893831502,0.3308584231713881,561742672252.3234,2,0.027592237492251228,2.4542993473027006e-08,mrs3_4,HR,0.8508475338234787,0.6144114727376493,1.1782682419451096
-0.11257827368845916,0.2315871949539511,-0.5664808357721991,0.34132428839528073,0.6268848230471252,792378723.2612103,2,0.05363072356964563,1.2701979958219203e-06,mrs3_5,HR,0.8935274046855216,0.5675191215844989,1.4068093788539775
-0.06265008131670248,0.04174394896699365,-0.14446671951444934,0.01916655688104439,0.13340257684392615,60018358.04109587,2,0.001742332346589859,1.4995251274072335e-07,icv_ml,HR,0.9392720850434105,0.865483715642104,1.0193514144714626
0.0794701212650491,0.06552232020065014,-0.04895126666156105,0.20789150919165925,0.22517914941668812,1037388661.325101,2,0.004293041151340117,8.886209093905257e-08,sbp3_x_wmh_ml,HR,1.082713208945146,0.9522275337944577,1.2310796014824483
-0.06450640149405319,0.0736255229286078,-0.2088097749545873,0.07979697196648093,0.3809529270681531,983805009.1572336,2,0.0054205448032203125,1.1521552709398459e-07,sbp3_rcs_x_wmh_ml,HR,0.9375301126493993,0.8115495980202889,1.0830671523571145
