wmh_percentile,wmh_ml,sbp,reference_sbp,local_n,support_min,support_max,display,estimate,se,lower,upper,p,df,m,within_variance,between_variance,HR,HR_lower,HR_upper,status
25,6.92631279343044,120.0,140,577,89.65177050460827,176.69560537462803,fixed_contrast_observed_range,-0.3230273333915814,0.12850817955741167,-0.5748987370886638,-0.07115592969449908,0.011948170892319285,6663661230.813147,2,0.0165141499088721,1.3486952523785579e-07,0.7239540659775023,0.5627618528253292,0.9313166608825412,ESTIMATED
25,6.92631279343044,130.0,140,577,89.65177050460827,176.69560537462803,fixed_contrast_observed_range,-0.14332910265835205,0.05226029928575674,-0.24575740709853758,-0.04090079821816653,0.006095486627391725,6588140701.406312,2,0.00273110523319693,2.2432159957912855e-08,0.8664688647605716,0.7821119367171765,0.9599243514307377,ESTIMATED
25,6.92631279343044,150.0,140,577,89.65177050460827,176.69560537462803,fixed_contrast_observed_range,0.0997939393512665,0.059229672041512624,-0.016294084666790595,0.21588196336932358,0.09201482275206171,245037993810.98138,2,0.0035081469631531538,4.724661325484057e-09,1.1049432093010223,0.9838379458526307,1.24095589210311,ESTIMATED
50,11.074110677933376,120.0,140,578,86.58447080694991,186.2718125979185,fixed_contrast_observed_range,-0.40481491761869,0.11175857939158809,-0.6238577087704934,-0.1857721264668866,0.0002920779346554375,456374189.40961486,2,0.012489395410552905,3.897713819961324e-07,0.6671002679394195,0.5358732022996711,0.8304628139176469,ESTIMATED
50,11.074110677933376,130.0,140,578,86.58447080694991,186.2718125979185,fixed_contrast_observed_range,-0.172983851550045,0.04694243607681548,-0.2649893357262373,-0.08097836737385271,0.00022868401112105275,935326444.7974117,2,0.0022035202522286412,4.803506484456483e-08,0.8411511980229751,0.7672141317137647,0.9222136411317517,ESTIMATED
50,11.074110677933376,150.0,140,578,86.58447080694991,186.2718125979185,fixed_contrast_observed_range,0.10254160479175532,0.051194668027846474,0.0022018992566920498,0.2028813103268186,0.04518004615899215,2.1445855589987276e+16,2,0.0026208940165845076,1.1931265629143358e-11,1.1079833983694387,1.0022043252171071,1.224927073425222,ESTIMATED
75,16.976185659783198,120.0,140,577,93.9058356084738,177.42509351535156,fixed_contrast_observed_range,-0.4821541044026876,0.12546130735529992,-0.7280537498024381,-0.23625445900293704,0.00012151463172953827,194521592.54451376,2,0.015739411054570718,7.523924868785807e-07,0.617451902376024,0.4828478188588623,0.7895797326967124,ESTIMATED
75,16.976185659783198,130.0,140,577,93.9058356084738,177.42509351535156,fixed_contrast_observed_range,-0.2010256892597717,0.051089196341631164,-0.3011586743517689,-0.10089270416777454,8.326656277734755e-05,460293598.15491754,2,0.0026099843248331223,8.110533374456594e-08,0.8178914202588181,0.7399603507020382,0.9040300263363071,ESTIMATED
75,16.976185659783198,150.0,140,577,93.9058356084738,177.42509351535156,fixed_contrast_observed_range,0.10513982569203062,0.05560223196930576,-0.0038385464286717214,0.21411819781273295,0.058633935968004924,160572558928.65436,2,0.0030916004847401065,5.1434855874019675e-09,1.1108659270938261,0.9961688113732386,1.2387690659346182,ESTIMATED
